loss,categorical_accuracy,weighted_f1,micro_f1,macro_f1,Precision Description,Recall Description,Precision Sintomas,Recall Sintomas,Precision Causas,Recall Causas,Precision FactoresRiesgo,Recall FactoresRiesgo,Precision Complicaciones,Recall Complicaciones,Precision Prevencion,Recall Prevencion,Precision Diagnostico,Recall Diagnostico,Precision Tratamiento,Recall Tratamiento,trial_id,time_total_s,dataset,optimizer,stacked_gru_layers,n_units_gru,bidirectional,second_layer_bidirectional,trainable_embeddings,act_funct,n_units_mlp,n_hidden_layers,dropout,batch_size,F-Score Description,F-Score Sintomas,F-Score Causas,F-Score FactoresRiesgo,F-Score Complicaciones,F-Score Prevencion,F-Score Diagnostico,F-Score Tratamiento
0.4084034562110901,0.875,0.874719500541687,0.875,0.8671879768371582,0.8755980730056763,0.7922077775001526,0.9389671087265015,0.8888888955116272,0.8558558821678162,0.8520179390907288,0.8994709253311157,0.8994709253311157,0.860927164554596,0.7386363744735718,0.8421052694320679,0.800000011920929,0.9364407062530518,0.9735682606697083,0.8999999761581421,0.9200000166893005,202eb664,4210.604723930359,Doc2Vec_Big,Adamax,True,8,False,True,False,relu,128,0,0.2,32,0.8318181677907706,0.9132419996568957,0.8539325983062894,0.8994709253311157,0.795107045136543,0.8205128297611415,0.9546436329834939,0.9098901058680016
0.40235909819602966,0.9084158539772034,0.9085526466369629,0.9084159135818481,0.9076539874076843,0.8935185074806213,0.8354978561401367,0.9545454382896423,0.9333333373069763,0.852173924446106,0.878923773765564,0.929347813129425,0.9047619104385376,0.8514285683631897,0.8465909361839294,0.9322034120559692,0.9166666865348816,0.9820627570152283,0.9647576808929443,0.9298245906829834,0.9422222375869751,296b2a62,4084.4384005069733,Doc2Vec_Big,Adamax,True,64,False,True,False,relu,64,3,0.2,32,0.8635346814859158,0.9438202188045384,0.8653421726024368,0.9168900770376386,0.849002861102687,0.924369768927675,0.9733333074799291,0.9359823623710931
1.1790766716003418,0.541460394859314,0.47857236862182617,0.541460394859314,0.44547370076179504,1.0,0.06060606241226196,0.5714285969734192,0.46222221851348877,0.0,0.0,1.0,0.11640211939811707,0.0,0.0,0.0,0.0,0.686274528503418,0.46255508065223694,0.0,0.0,fbb06266,968.5190045833588,Doc2Vec_Big,Adamax,False,16,True,True,False,relu,8,2,0.4,32,0.11428571749706656,0.5110565190057638,0.0,0.20853081049482894,0.0,0.0,0.5526315954108812,0.0
0.6116638779640198,0.8162128925323486,0.8108333349227905,0.8162128925323486,0.8028004765510559,0.9034090638160706,0.6883116960525513,0.9004524946212769,0.8844444155693054,0.7131147384643555,0.7802690863609314,0.8064516186714172,0.7936508059501648,0.0,0.0,0.8738738894462585,0.8083333373069763,0.9307359457015991,0.9471365809440613,0.903930127620697,0.9200000166893005,e90a9b28,2951.9869887828827,Doc2Vec_Big,Adamax,True,8,False,True,False,relu,16,1,0.35000000000000003,32,0.7813267761812841,0.8923766698304192,0.7451820171109644,0.8000000090866088,0.0,0.8398268491627897,0.9388646448203654,0.9118942796042306
0.34506210684776306,0.905940592288971,0.9057305455207825,0.905940592288971,0.9042193293571472,0.8952381014823914,0.8138527870178223,0.9411764740943909,0.9244444370269775,0.8289473652839661,0.847533643245697,0.936170220375061,0.9312169551849365,0.8910256624221802,0.7897727489471436,0.9075630307197571,0.8999999761581421,0.9954338073730469,0.9603524208068848,0.9237288236618042,0.9688888788223267,f231ea8a,1417.9240427017212,Doc2Vec_Big,Adamax,False,16,True,True,False,relu,64,3,0.25,32,0.8526076978566692,0.9327354239551859,0.8381374760388293,0.9336870184845777,0.8373494192207305,0.9037656810875061,0.9775784826477172,0.945770065575149
0.7982932329177856,0.8106435537338257,0.8091802597045898,0.8106436133384705,0.8028417825698853,0.7403846383094788,0.6666666865348816,0.89449542760849,0.8666666746139526,0.7402597665786743,0.7668161392211914,0.8072916865348816,0.820105791091919,0.732876718044281,0.6079545617103577,0.792792797088623,0.7333333492279053,0.9471365809440613,0.9471365809440613,0.8833333253860474,0.9422222375869751,03bba54a,816.4769973754883,Doc2Vec_Big,Adamax,False,16,False,True,True,relu,16,0,0.2,32,0.7015945543247399,0.8803611850658829,0.7533039763214426,0.8136482897750258,0.6645962853549618,0.7619047724671861,0.9471365809440613,0.9118279599498386
1.0944632291793823,0.6608911156654358,0.6306562423706055,0.6608911156654358,0.5943784117698669,0.8571428656578064,0.07792207598686218,0.8934426307678223,0.48444443941116333,0.0,0.0,0.918367326259613,0.4761904776096344,0.0,0.0,0.0,0.0,0.743682324886322,0.907489001750946,0.0,0.0,4edf6526,2543.610430955887,Doc2Vec_Big,Adamax,False,8,True,False,False,relu,8,3,0.30000000000000004,32,0.14285713972316846,0.6282420726280994,0.0,0.6271776967570584,0.0,0.0,0.8174603322422769,0.0
0.6376162171363831,0.8360148668289185,0.8366094827651978,0.8360148668289185,0.8316577672958374,0.800000011920929,0.761904776096344,0.9090909361839294,0.8888888955116272,0.714893639087677,0.7533632516860962,0.9022988677024841,0.8306878209114075,0.7228915691375732,0.6818181872367859,0.8454545736312866,0.7749999761581421,0.9732142686843872,0.9603524208068848,0.90625,0.902222216129303,99d41486,7215.043262720108,Doc2Vec_Big,Adamax,True,16,False,False,False,relu,32,2,0.25,32,0.780487817997453,0.8988764211243864,0.7336244766662996,0.8650137766748899,0.7017543901884622,0.8086956520837729,0.9667405670303073,0.9042316227751446
0.7355933785438538,0.7766088843345642,0.7726281881332397,0.7766088843345642,0.7518192529678345,0.8702702522277832,0.6969696879386902,0.9112149477005005,0.8666666746139526,0.6289308071136475,0.44843047857284546,0.8376623392105103,0.682539701461792,0.7638888955116272,0.3125,0.8571428656578064,0.05000000074505806,0.9779735803604126,0.9779735803604126,0.7802197933197021,0.9466666579246521,a1a6be80,4864.012137889862,Doc2Vec_Big,Adamax,True,8,False,True,False,relu,32,3,0.35000000000000003,32,0.774038448832659,0.8883826894549475,0.5235601957675112,0.752186601035846,0.4435483882131983,0.09448819035849322,0.9779735803604126,0.8554216910514313
0.5035955309867859,0.8774752616882324,0.8760000467300415,0.8774752616882324,0.8752965927124023,0.8310502171516418,0.7878788113594055,0.9137930870056152,0.9422222375869751,0.8230088353157043,0.834080696105957,0.9119170904159546,0.9312169551849365,0.7931034564971924,0.6534090638160706,0.8846153616905212,0.9583333134651184,0.948051929473877,0.9647576808929443,0.9360730648040771,0.9111111164093018,9791382a,4618.0490827560425,Doc2Vec_Big,Adamax,True,32,False,False,False,relu,128,3,0.25,32,0.8088888959778676,0.9277899333282019,0.8285077773348153,0.921465976221389,0.7165108904925233,0.9199999784469605,0.9563318543447691,0.9234234287932113
0.8132782578468323,0.7035890817642212,0.6411571502685547,0.7035890817642212,0.5895678400993347,1.0,0.07359307259321213,0.9137930870056152,0.9422222375869751,0.0,0.0,0.8360655903816223,0.8095238208770752,0.0,0.0,0.0,0.0,0.9775784611701965,0.9603524208068848,0.6791808605194092,0.8844444155693054,fac87d42,2071.589506626129,Doc2Vec_Big,Adamax,False,8,True,True,False,relu,16,3,0.25,32,0.13709677245858456,0.9277899333282019,0.0,0.8225806590623216,0.0,0.0,0.96888888086213,0.7683397402612278
0.5836779475212097,0.8044554591178894,0.7748721837997437,0.8044554591178894,0.7643752098083496,0.8469387888908386,0.7186146974563599,0.9493087530136108,0.9155555367469788,0.6619718074798584,0.42152467370033264,0.8495145440101624,0.9259259104728699,0.0,0.0,0.8661417365074158,0.9166666865348816,0.9778761267662048,0.9735682606697083,0.9581395387649536,0.9155555367469788,246ed5ec,3212.7609894275665,Doc2Vec_Big,Adamax,True,64,False,False,False,relu,64,3,0.4,32,0.777517557656755,0.9321266857606695,0.5150684935179985,0.8860759319034338,0.0,0.89068827072171,0.9757174388526821,0.9363636283804315
0.4540655016899109,0.8941831588745117,0.8936997652053833,0.8941831588745117,0.8905606865882874,0.900473952293396,0.822510838508606,0.931034505367279,0.9599999785423279,0.84375,0.847533643245697,0.8928571343421936,0.9259259104728699,0.8580645322799683,0.7556818127632141,0.8770492076873779,0.8916666507720947,0.977477490901947,0.9559471607208252,0.9285714030265808,0.9244444370269775,ed2d5d1e,5074.415810823441,Doc2Vec_Big,Adamax,True,16,False,True,False,relu,64,3,0.30000000000000004,32,0.8597285240239962,0.9452954060646086,0.8456375893474795,0.9090908972290922,0.8036253816628097,0.8842975267514883,0.9665924465294811,0.926503324316372
0.6153098940849304,0.8180692791938782,0.8144468069076538,0.818069338798523,0.8095707893371582,0.8441558480262756,0.5627705454826355,0.9360730648040771,0.9111111164093018,0.7448275685310364,0.48430493474006653,0.9322034120559692,0.8730158805847168,0.8333333134651184,0.14204545319080353,0.8737863898277283,0.75,0.9691630005836487,0.9691630005836487,0.8987341523170471,0.9466666579246521,3eb0d73c,2302.9103298187256,Doc2Vec_Big,Adamax,False,8,True,True,False,relu,8,1,0.30000000000000004,32,0.6753246641159055,0.9234234287932113,0.5869565177229118,0.9016393586949166,0.2427184437815504,0.8071748802381856,0.9691630005836487,0.922077904826856
0.4301792085170746,0.9040841460227966,0.9039891362190247,0.9040841460227966,0.9010413885116577,0.9194312691688538,0.8398268222808838,0.9380530714988708,0.9422222375869751,0.8138527870178223,0.8430493474006653,0.9067357778549194,0.9259259104728699,0.8300653696060181,0.7215909361839294,0.9449541568756104,0.8583333492279053,0.9910314083099365,0.9735682606697083,0.9347826242446899,0.9555555582046509,32248614,5838.256671905518,Doc2Vec_Big,Adamax,True,64,False,True,False,relu,8,1,0.30000000000000004,32,0.877828039950009,0.9401330323618556,0.8281938283776672,0.9162303724859412,0.7720364940519889,0.8995633403909522,0.9822222203248809,0.9450549542968679
0.427982360124588,0.8805692791938782,0.8803072571754456,0.8805692791938782,0.876886248588562,0.9162303805351257,0.7575757503509521,0.9244444370269775,0.9244444370269775,0.7933884263038635,0.8609865307807922,0.8952879309654236,0.9047619104385376,0.8686131238937378,0.6761363744735718,0.9320388436317444,0.800000011920929,0.9909502267837524,0.9647576808929443,0.9237667918205261,0.9155555367469788,dfbc02da,2153.1811051368713,Doc2Vec_Big,Adamax,False,32,True,True,False,relu,16,1,0.45,32,0.8293838876797361,0.9244444370269775,0.8258064422454154,0.8999999890903684,0.7603833877666387,0.8609865576927166,0.9776785571296811,0.9196428356012709
0.8587883114814758,0.771039605140686,0.7686569094657898,0.771039605140686,0.7540764808654785,0.6768559217453003,0.6709956526756287,0.8601694703102112,0.902222216129303,0.7442922592163086,0.7309417128562927,0.7469135522842407,0.6402116417884827,0.7177419066429138,0.5056818127632141,0.7407407164573669,0.5,0.9511111378669739,0.9427312612533569,0.8766520023345947,0.8844444155693054,8331e222,925.2294330596924,Doc2Vec_Big,Adamax,False,32,False,False,True,relu,8,0,0.4,32,0.6739130473976317,0.8806941291443526,0.7375565762669064,0.6894586784599798,0.5933333197487723,0.5970149174860415,0.946902659915026,0.8805309692076058
0.43183234333992004,0.9022276997566223,0.9021635055541992,0.9022276401519775,0.9007453918457031,0.880382776260376,0.7965368032455444,0.9720930457115173,0.9288889169692993,0.8015872836112976,0.9058296084403992,0.907216489315033,0.9312169551849365,0.8812500238418579,0.8011363744735718,0.9285714030265808,0.8666666746139526,0.9735682606697083,0.9735682606697083,0.9383260011672974,0.9466666579246521,b2b61a38,3737.0349674224854,Doc2Vec_Big,Adamax,True,64,False,False,False,relu,128,1,0.45,32,0.8363636405766011,0.9500000254089428,0.8505263109724935,0.919060061054635,0.8392857310452969,0.8965517164835887,0.9735682606697083,0.9424778768069658
0.3212684690952301,0.9127475023269653,0.9124040603637695,0.9127475023269653,0.9109816551208496,0.9234449863433838,0.8354978561401367,0.9594594836235046,0.9466666579246521,0.8421052694320679,0.8609865307807922,0.8999999761581421,0.9047619104385376,0.8980891704559326,0.8011363744735718,0.9039999842643738,0.9416666626930237,0.9780701994895935,0.9823788404464722,0.9434782862663269,0.9644444584846497,0bd3fd5e,2408.046048641205,Doc2Vec_Big,Adamax,True,64,False,True,False,relu,128,1,0.5,32,0.8772727432847023,0.9530201417187042,0.8514412369197263,0.9023746610241353,0.84684685222631,0.9224489694930572,0.9802197852397851,0.9538461736918158
0.4200901985168457,0.8929455280303955,0.8931184411048889,0.8929455280303955,0.8924001455307007,0.8369098901748657,0.8441558480262756,0.9383260011672974,0.9466666579246521,0.7890295386314392,0.8385650515556335,0.91847825050354,0.8941798806190491,0.8866666555404663,0.7556818127632141,0.9217391014099121,0.8833333253860474,0.9773755669593811,0.9515418410301208,0.9417040348052979,0.9333333373069763,27d70962,3118.7133977413177,Doc2Vec_Big,Adamax,True,64,False,False,False,relu,64,1,0.4,32,0.840517252844766,0.9424778768069658,0.8130434934234346,0.9061662078307312,0.8159509123755846,0.9021276415284805,0.9642857102230571,0.9375000014747921
0.46626532077789307,0.8966584205627441,0.8965948820114136,0.8966584205627441,0.8906164169311523,0.9230769276618958,0.8311688303947449,0.9719626307487488,0.9244444370269775,0.859649121761322,0.878923773765564,0.89673912525177,0.8730158805847168,0.8902438879013062,0.8295454382896423,0.8145161271095276,0.8416666388511658,0.948051929473877,0.9647576808929443,0.8816326260566711,0.9599999785423279,8d95ca6c,1334.6516976356506,Doc2Vec_Big,Adamax,True,32,False,True,True,relu,128,1,0.25,32,0.8747152635889004,0.9476082031772399,0.8691796037505056,0.8847185000235838,0.8588235139351815,0.8278688380103761,0.9563318543447691,0.9191489116591854
0.4394298493862152,0.8849009871482849,0.8848786354064941,0.8849009871482849,0.8804795742034912,0.8270041942596436,0.8484848737716675,0.9414414167404175,0.9288889169692993,0.8493150472640991,0.834080696105957,0.9016393423080444,0.8730158805847168,0.8657718300819397,0.7329545617103577,0.8139534592628479,0.875,0.9598214030265808,0.9471365809440613,0.934272289276123,0.8844444155693054,9ea1bfa8,3400.4270191192627,Doc2Vec_Big,Adamax,True,32,False,False,False,relu,128,0,0.35000000000000003,32,0.8376068370288168,0.9351230445495993,0.8416289379669396,0.8870967771551735,0.7938461709479608,0.8433734783501248,0.9534368031398882,0.9086757785530379
0.459209680557251,0.9090346693992615,0.9088599681854248,0.9090346693992615,0.9068992733955383,0.920187771320343,0.8484848737716675,0.9466666579246521,0.9466666579246521,0.8515284061431885,0.8744394779205322,0.9354838728904724,0.920634925365448,0.8176470398902893,0.7897727489471436,0.8914728760719299,0.9583333134651184,0.9864864945411682,0.9647576808929443,0.9350649118423462,0.9599999785423279,f9b76f5c,5434.764333486557,Doc2Vec_Big,Adamax,True,64,False,True,False,relu,32,3,0.2,32,0.8828828863968279,0.9466666579246521,0.8628318774381812,0.9280000033493042,0.8034682101676643,0.9236947741039881,0.975501103027261,0.9473683986854108
0.35058677196502686,0.9022276997566223,0.9012918472290039,0.9022276401519775,0.8994677662849426,0.9095237851142883,0.826839804649353,0.9152542352676392,0.9599999785423279,0.8715596199035645,0.8520179390907288,0.9123711585998535,0.9365079402923584,0.8451613187789917,0.7443181872367859,0.9159663915634155,0.9083333611488342,0.9778761267662048,0.9735682606697083,0.9336283206939697,0.9377777576446533,c8158720,1890.6543989181519,Doc2Vec_Big,Adamax,True,64,False,True,False,relu,64,3,0.2,32,0.8662131286802746,0.9370932642060951,0.8616779990779546,0.9242819987899217,0.7915408010425599,0.9121339077212491,0.9757174388526821,0.935698438931232
0.3960578441619873,0.9090346693992615,0.9089252948760986,0.9090346693992615,0.9059770703315735,0.9130434989929199,0.8181818127632141,0.9557521939277649,0.9599999785423279,0.8041666746139526,0.865470826625824,0.9450549483299255,0.9100528955459595,0.8580247163772583,0.7897727489471436,0.8809523582458496,0.925000011920929,0.9824561476707458,0.9867841601371765,0.9519650936126709,0.9688888788223267,f86d6d4c,5079.513320446014,Doc2Vec_Big,Adamax,True,64,False,True,False,relu,64,3,0.35000000000000003,32,0.8630137048769362,0.9578713769426883,0.8336932970255889,0.9272237137230573,0.8224852303489284,0.9024390181496621,0.9846153978333497,0.9603524322665132
0.32565388083457947,0.9133663177490234,0.9135149717330933,0.9133663177490234,0.911783754825592,0.9336493015289307,0.8528138399124146,0.9471365809440613,0.9555555582046509,0.8097165822982788,0.8968609571456909,0.9450549483299255,0.9100528955459595,0.8805031180381775,0.7954545617103577,0.931034505367279,0.8999999761581421,0.9864864945411682,0.9647576808929443,0.9350649118423462,0.9599999785423279,c243bf92,2539.3366334438324,Doc2Vec_Big,Adamax,True,64,False,True,False,relu,64,2,0.2,32,0.8914027135494345,0.9513274435505616,0.8510638072189566,0.9272237137230573,0.8358208925045787,0.9152542358840612,0.975501103027261,0.9473683986854108
0.6223199367523193,0.8632425665855408,0.8626094460487366,0.863242506980896,0.8588476777076721,0.8703703880310059,0.8138527870178223,0.9336283206939697,0.9377777576446533,0.7342342138290405,0.7309417128562927,0.903954803943634,0.8465608358383179,0.890625,0.6477272510528564,0.8823529481887817,0.75,0.9527897238731384,0.9779735803604126,0.9389671087265015,0.8888888955116272,ad3d18f4,5957.3158826828,Doc2Vec_Big,Adamax,True,64,False,True,False,relu,16,3,0.30000000000000004,32,0.8411633048764827,0.935698438931232,0.7325842639361796,0.8743169349596981,0.7499999854703356,0.8108108137714506,0.9652174096572826,0.9132419996568957
0.5099522471427917,0.8657178282737732,0.864060640335083,0.8657178282737732,0.859891951084137,0.8160377144813538,0.7489177584648132,0.9241071343421936,0.9200000166893005,0.8280543088912964,0.8206278085708618,0.8911917209625244,0.9100528955459595,0.7923076748847961,0.5852272510528564,0.9065420627593994,0.8083333373069763,0.9820627570152283,0.9647576808929443,0.9067796468734741,0.9511111378669739,4ab11dcc,4137.4491283893585,Doc2Vec_Big,Adamax,True,8,False,True,False,relu,64,2,0.4,32,0.7810383701225568,0.9220490019161585,0.8243243323693308,0.900523558783069,0.6732025937495479,0.854625555852154,0.9733333074799291,0.9284164912340948
1.4805833101272583,0.4554455578327179,0.4120950698852539,0.4554455578327179,0.3782995641231537,0.0,0.0,0.7091836929321289,0.6177777647972107,0.0,0.0,0.0,0.0,0.0,0.0,0.0,0.0,0.9900000095367432,0.8722466826438904,0.0,0.0,daf0ad98,1302.4802453517914,Doc2Vec_Big,Adamax,True,16,False,False,False,relu,64,3,0.5,32,0.0,0.6603325425893493,0.0,0.0,0.0,0.0,0.9274004649992786,0.0
0.4064595103263855,0.9176980257034302,0.9175576567649841,0.9176980257034302,0.9162740707397461,0.8990825414657593,0.8484848737716675,0.939130425453186,0.9599999785423279,0.8491379022598267,0.8834080696105957,0.9606741666793823,0.9047619104385376,0.8588957190513611,0.7954545617103577,0.9327731132507324,0.925000011920929,0.9778761267662048,0.9735682606697083,0.9559471607208252,0.9644444584846497,04d1ec62,3884.33127617836,Doc2Vec_Big,Adamax,True,64,False,True,False,relu,64,3,0.30000000000000004,32,0.8730512254398402,0.9494505341884206,0.8659340499446753,0.9318801164140287,0.8259587170841822,0.9288703008842631,0.9757174388526821,0.9601770102941576
0.40032777190208435,0.8811880946159363,0.8810153007507324,0.8811880946159363,0.8785971403121948,0.9090909361839294,0.7792207598686218,0.9508928656578064,0.9466666579246521,0.7489878535270691,0.8295964002609253,0.8963730335235596,0.9153439402580261,0.8432835936546326,0.6420454382896423,0.9375,0.875,0.9772727489471436,0.9471365809440613,0.9350649118423462,0.9599999785423279,337b9a4e,3926.4985263347626,Doc2Vec_Big,Adamax,True,8,False,True,False,relu,128,1,0.30000000000000004,32,0.839160839481466,0.9487750555273198,0.787234036617551,0.9057591625185162,0.7290322519068164,0.9051724137931034,0.9619686993930031,0.9473683986854108
1.036264419555664,0.7462871074676514,0.7414596080780029,0.7462871074676514,0.7318117618560791,0.7428571581840515,0.5627705454826355,0.8340425491333008,0.8711110949516296,0.7053139805793762,0.6547085046768188,0.6918919086456299,0.6772486567497253,0.6666666865348816,0.5681818127632141,0.8205128312110901,0.5333333611488342,0.9045643210411072,0.9603524208068848,0.7859922051429749,0.897777795791626,b8970330,3545.246566772461,Doc2Vec_Big,Adamax,True,8,True,False,True,relu,16,0,0.4,32,0.6403940831721888,0.8521739031929374,0.6790697456237881,0.6844919763383795,0.613496937769358,0.6464646702189307,0.9316239336524446,0.8381742744567017
1.4233930110931396,0.6243811845779419,0.6203755140304565,0.6243811845779419,0.6048312187194824,0.585106372833252,0.4761904776096344,0.704402506351471,0.4977777898311615,0.4893617033958435,0.5156950950622559,0.5244755148887634,0.3968254029750824,0.5546875,0.40340909361839294,0.7068965435028076,0.34166666865348816,0.9191489219665527,0.9515418410301208,0.7836734652519226,0.8533333539962769,55daf25e,1793.5872395038605,Doc2Vec_Big,Adamax,False,8,False,False,True,relu,8,0,0.30000000000000004,32,0.5250596626488361,0.583333338396187,0.5021834199613503,0.4518072293444846,0.46710526497410276,0.46067415736356987,0.935064923277712,0.8170212838189964
1.7503703832626343,0.6089109182357788,0.6053669452667236,0.6089109182357788,0.5858472585678101,0.6387096643447876,0.4285714328289032,0.874476969242096,0.9288889169692993,0.3877550959587097,0.2556053698062897,0.6823529601097107,0.30687829852104187,0.4204545319080353,0.21022726595401764,0.42574256658554077,0.3583333194255829,0.8446215391159058,0.933920681476593,0.6772486567497253,0.5688889026641846,4a44a988,1928.369857788086,Doc2Vec_Big,Adamax,False,8,False,True,True,relu,16,2,0.45,32,0.5129533667087253,0.9008620725108546,0.3081080979352627,0.42335765992495034,0.2803030212720235,0.38914026008752867,0.8870292920436308,0.6183574875158259
0.4107595682144165,0.9071782231330872,0.9070539474487305,0.9071782827377319,0.905669093132019,0.9241706132888794,0.8441558480262756,0.9137930870056152,0.9422222375869751,0.8106995820999146,0.8834080696105957,0.9243243336677551,0.9047619104385376,0.8860759735107422,0.7954545617103577,0.9385964870452881,0.8916666507720947,0.960869550704956,0.9735682606697083,0.9508928656578064,0.9466666579246521,76d19416,1985.398349761963,Doc2Vec_Big,Adamax,False,32,True,True,False,relu,64,3,0.30000000000000004,32,0.882352942003279,0.9277899333282019,0.8454935577841106,0.9144385101454706,0.8383233731267203,0.9145299041843351,0.9671772250414564,0.9487750555273198
0.7671327590942383,0.7735148668289185,0.7608242034912109,0.7735148668289185,0.7313858270645142,0.9354838728904724,0.12554112076759338,0.9452054500579834,0.9200000166893005,0.0,0.0,0.7777777910232544,0.8518518805503845,0.0,0.0,1.0,0.02500000037252903,0.9953051805496216,0.933920681476593,0.8813559412956238,0.9244444370269775,9c73b8e0,2903.113727092743,Doc2Vec_Big,Adamax,True,64,False,True,False,relu,32,3,0.5,32,0.2213740384338702,0.9324324267016346,0.0,0.8131313334442367,0.0,0.048780488514035034,0.9636363588033379,0.9023861183684605
0.3670557141304016,0.9176980257034302,0.9176254272460938,0.9176980257034302,0.9165092706680298,0.8959276080131531,0.8571428656578064,0.959276020526886,0.9422222375869751,0.8609865307807922,0.8609865307807922,0.9020618796348572,0.9259259104728699,0.8647058606147766,0.8352272510528564,0.9322034120559692,0.9166666865348816,0.9740259647369385,0.9911894202232361,0.9683257937431335,0.9511111378669739,336d9252,3958.0958395004272,Doc2Vec_Big,Adamax,True,64,False,True,False,relu,64,3,0.2,32,0.8761062021040862,0.9506726547527021,0.8609865307807922,0.9138381248756053,0.8497109609472473,0.924369768927675,0.9825327428825814,0.9596412701514602
0.39343228936195374,0.9158415794372559,0.9155991673469543,0.9158415794372559,0.9145516157150269,0.8888888955116272,0.8658008575439453,0.9475982785224915,0.9644444584846497,0.8755760192871094,0.8520179390907288,0.9259259104728699,0.9259259104728699,0.8734939694404602,0.8238636255264282,0.9487179517745972,0.925000011920929,0.982300877571106,0.9779735803604126,0.9427312612533569,0.9511111378669739,3cf9e716,4757.083887577057,Doc2Vec_Big,Adamax,True,64,False,True,False,relu,64,3,0.30000000000000004,32,0.8771929814431227,0.9559471563079369,0.8636363560460075,0.9259259104728699,0.8479532075887959,0.9367088683616883,0.9801324527210161,0.946902659915026
0.9985464811325073,0.7227723002433777,0.6941155195236206,0.7227723002433777,0.648421049118042,0.9312169551849365,0.761904776096344,0.0,0.0,0.0,0.0,0.8421052694320679,0.5079365372657776,0.0,0.0,0.0,0.0,0.8714285492897034,0.8061674237251282,0.9441860318183899,0.902222216129303,78b2eb00,3425.087596178055,Doc2Vec_Big,Adamax,True,64,False,True,False,relu,8,3,0.30000000000000004,32,0.8380952563881874,0.0,0.0,0.6336633909357465,0.0,0.0,0.837528606222036,0.9227272625242875
0.3590420186519623,0.916460394859314,0.9163755178451538,0.916460394859314,0.9152342081069946,0.9209302067756653,0.8571428656578064,0.9383260011672974,0.9466666579246521,0.8242678046226501,0.8834080696105957,0.95652174949646,0.9312169551849365,0.8902438879013062,0.8295454382896423,0.931034505367279,0.8999999761581421,0.9613733887672424,0.9867841601371765,0.9427312612533569,0.9511111378669739,d37db21c,4366.257264137268,Doc2Vec_Big,Adamax,True,64,False,True,False,relu,64,3,0.2,32,0.8878923692671409,0.9424778768069658,0.8528138636974166,0.9436997492559174,0.8588235139351815,0.9152542358840612,0.9739130518950225,0.946902659915026
1.444348931312561,0.4275990128517151,0.33879542350769043,0.4275990128517151,0.30185818672180176,0.0,0.0,0.0,0.0,0.0,0.0,0.0,0.0,0.0,0.0,0.0,0.0,0.990867555141449,0.9559471607208252,0.9021739363670349,0.7377777695655823,d7069fd8,2682.7308979034424,Doc2Vec_Big,Adamax,True,8,False,True,False,relu,16,3,0.45,32,0.0,0.0,0.0,0.0,0.0,0.0,0.9730941709759132,0.8117359457906148
0.3826870322227478,0.9121286869049072,0.9124711155891418,0.9121286869049072,0.9096279144287109,0.9259259104728699,0.8658008575439453,0.9642857313156128,0.9599999785423279,0.8508771657943726,0.8699551820755005,0.9289617538452148,0.8994709253311157,0.813829779624939,0.8693181872367859,0.9363636374473572,0.8583333492279053,0.9909909963607788,0.9691630005836487,0.9267241358757019,0.9555555582046509,137137cc,4454.739639520645,Doc2Vec_Big,Adamax,True,64,False,True,False,relu,128,3,0.4,32,0.8948545745028971,0.9621380823329001,0.8603104196743098,0.9139785104965195,0.8406593391334156,0.8956521830621874,0.9799554617459185,0.9409190374240167
0.40848469734191895,0.885519802570343,0.8855761289596558,0.885519802570343,0.8823550939559937,0.8509615659713745,0.7662337422370911,0.9539170265197754,0.9200000166893005,0.8732394576072693,0.834080696105957,0.9109947681427002,0.920634925365448,0.772455096244812,0.7329545617103577,0.8803418874740601,0.8583333492279053,0.9955357313156128,0.9823788404464722,0.9210526347160339,0.9333333373069763,5c0ce1d4,1532.5751111507416,Doc2Vec_Big,Adamax,False,64,False,False,False,relu,32,1,0.2,32,0.8063781311813335,0.9366515807076585,0.853211008004769,0.9157894779168008,0.7521866005271884,0.8691983238624239,0.9889135267167657,0.9271523214307753
0.29615482687950134,0.9121286869049072,0.9118802547454834,0.9121286869049072,0.9096356630325317,0.9032257795333862,0.8484848737716675,0.9553571343421936,0.9511111378669739,0.8642534017562866,0.8565022349357605,0.9222221970558167,0.8783068656921387,0.8633540272712708,0.7897727489471436,0.9039999842643738,0.9416666626930237,0.9823788404464722,0.9823788404464722,0.9475982785224915,0.9644444584846497,e7fc4e2e,1850.7455523014069,Doc2Vec_Big,Adamax,True,64,False,True,False,relu,128,1,0.35000000000000003,32,0.8750000008149065,0.9532294078627529,0.8603603607286261,0.8997289786943008,0.8249258232842643,0.9224489694930572,0.9823788404464722,0.9559471563079369
0.3481018543243408,0.905940592288971,0.9058704376220703,0.905940592288971,0.9035543203353882,0.9086757898330688,0.8614718317985535,0.9672897458076477,0.9200000166893005,0.8506787419319153,0.8430493474006653,0.9144384860992432,0.9047619104385376,0.8633540272712708,0.7897727489471436,0.9083333611488342,0.9083333611488342,0.9780701994895935,0.9823788404464722,0.9298245906829834,0.9422222375869751,9104f898,2735.813967227936,Doc2Vec_Big,Adamax,True,64,False,True,False,relu,64,3,0.25,32,0.8844444244225819,0.9430524130105477,0.8468468613706716,0.9095744627543491,0.8249258232842643,0.9083333611488342,0.9802197852397851,0.9359823623710931
0.40725281834602356,0.8904703259468079,0.8900423645973206,0.8904703259468079,0.8873709440231323,0.8590909242630005,0.8181818127632141,0.9506726264953613,0.9422222375869751,0.7958333492279053,0.8565022349357605,0.9005235433578491,0.9100528955459595,0.8819444179534912,0.7215909361839294,0.9090909361839294,0.8333333134651184,0.9733333587646484,0.9647576808929443,0.9213973879814148,0.9377777576446533,e2b45a16,2951.1700716018677,Doc2Vec_Big,Adamax,True,32,False,False,False,relu,128,0,0.25,32,0.8381374766612463,0.9464285696431403,0.8250540008737062,0.9052631422026997,0.7937500056624404,0.8695652189687424,0.9690265469711096,0.9295154127180222
0.32338494062423706,0.9152227640151978,0.9152942895889282,0.9152227640151978,0.9132405519485474,0.9507389068603516,0.8354978561401367,0.9819004535675049,0.9644444584846497,0.847533643245697,0.847533643245697,0.8755980730056763,0.9682539701461792,0.8554913401603699,0.8409090638160706,0.8818897604942322,0.9333333373069763,0.9864253401756287,0.9603524208068848,0.9459459185600281,0.9333333373069763,3e8fc96a,3011.7452323436737,Doc2Vec_Big,Adamax,True,64,False,True,False,relu,128,1,0.30000000000000004,32,0.8894009292435817,0.9730941780799522,0.847533643245697,0.9195979835679984,0.8481375272851008,0.9068825912318487,0.9732142850294547,0.9395973039400435
0.3256398141384125,0.9084158539772034,0.9076895117759705,0.9084159135818481,0.9060455560684204,0.925000011920929,0.8008658289909363,0.9347826242446899,0.9555555582046509,0.8540772795677185,0.8923766613006592,0.9010416865348816,0.9153439402580261,0.887417197227478,0.7613636255264282,0.89682537317276,0.9416666626930237,0.9655172228813171,0.9867841601371765,0.9414414167404175,0.9288889169692993,c319042e,1981.2684602737427,Doc2Vec_Big,Adamax,True,64,False,True,False,relu,64,0,0.2,32,0.8584686987863168,0.9450549542968679,0.8728070215861831,0.9081365052924522,0.8195718500741682,0.9186991726905372,0.976034858312544,0.9351230445495993
1.252582311630249,0.7314356565475464,0.7028907537460327,0.7314356565475464,0.6583871245384216,0.7053571343421936,0.6839826703071594,0.9170305728912354,0.9333333373069763,0.6880733966827393,0.6726457476615906,0.7289156913757324,0.6402116417884827,0.7280701994895935,0.47159090638160706,0.0,0.0,0.9388646483421326,0.9471365809440613,0.6174699068069458,0.9111111164093018,a92609ac,2182.5398499965668,Doc2Vec_Big,Adamax,True,32,False,False,True,relu,16,1,0.45,32,0.694505483328238,0.9251101367594456,0.6802721138765611,0.6816901543007508,0.5724137985408658,0.0,0.9429824744457554,0.7360861970617771
0.3416205048561096,0.9084158539772034,0.9081820249557495,0.9084159135818481,0.9068310260772705,0.9170731902122498,0.8138527870178223,0.9644444584846497,0.9644444584846497,0.8097165822982788,0.8968609571456909,0.9340659379959106,0.8994709253311157,0.8616352081298828,0.7784090638160706,0.9159663915634155,0.9083333611488342,0.9653679728507996,0.9823788404464722,0.9304347634315491,0.9511111378669739,cb1cac26,2355.8023829460144,Doc2Vec_Big,Adamax,True,64,False,True,False,relu,128,1,0.2,32,0.8623853146486802,0.9644444584846497,0.8510638072189566,0.9164420638316972,0.8179104274002792,0.9121339077212491,0.973799123478364,0.9406593439443974
1.0078939199447632,0.6163366436958313,0.5566169023513794,0.6163366436958313,0.5121920704841614,0.84375,0.23376622796058655,0.7796609997749329,0.8177777528762817,0.0,0.0,0.0,0.0,0.0,0.0,0.0,0.0,0.9704433679580688,0.8678414225578308,0.7189781069755554,0.8755555748939514,de3c498c,1395.7843327522278,Doc2Vec_Big,Adamax,False,64,False,True,False,relu,16,2,0.35000000000000003,32,0.36610168779557273,0.7982646212169755,0.0,0.0,0.0,0.0,0.9162790850531803,0.7895791690660124
0.3513093590736389,0.8935643434524536,0.8929687738418579,0.8935644030570984,0.891433596611023,0.8733624219894409,0.8658008575439453,0.9422222375869751,0.9422222375869751,0.8928571343421936,0.7847533822059631,0.9047619104385376,0.9047619104385376,0.8589743375778198,0.7613636255264282,0.9322034120559692,0.9166666865348816,0.9559471607208252,0.9559471607208252,0.9324324131011963,0.9200000166893005,b7b8de28,1684.6486575603485,Doc2Vec_Big,Adamax,True,32,False,True,False,relu,64,0,0.35000000000000003,32,0.8695652016157914,0.9422222375869751,0.8353222027285107,0.9047619104385376,0.8072289001233935,0.924369768927675,0.9559471607208252,0.9261744955650162
0.3373621702194214,0.9195544719696045,0.9192618131637573,0.9195544123649597,0.9183315634727478,0.9017857313156128,0.8744588494300842,0.9396551847457886,0.9688888788223267,0.8962264060974121,0.8520179390907288,0.9109947681427002,0.920634925365448,0.9024389982223511,0.8409090638160706,0.94017094373703,0.9166666865348816,0.9734513163566589,0.9691630005836487,0.943231463432312,0.9599999785423279,72fcc6ae,4267.80969452858,Doc2Vec_Big,Adamax,True,64,False,True,False,relu,64,3,0.2,32,0.8879120832646382,0.9540481415198311,0.8735632151003825,0.9157894779168008,0.8705882085978366,0.9282700541194786,0.9713024252475041,0.951541851069875
0.6726500391960144,0.8025990128517151,0.8018001914024353,0.8025990128517151,0.7982052564620972,0.7609755992889404,0.6753246784210205,0.8808510899543762,0.9200000166893005,0.6764705777168274,0.6188340783119202,0.9044944047927856,0.8518518805503845,0.7222222089767456,0.07386363297700882,0.9207921028137207,0.7749999761581421,0.9634703397750854,0.9295154213905334,0.9269406199455261,0.902222216129303,ab2d1ba0,2426.0863037109375,Doc2Vec_Big,Adamax,False,64,False,True,False,relu,32,3,0.30000000000000004,32,0.7155963273855503,0.9000000216221764,0.6463700173053871,0.8773842221205133,0.13402061275397442,0.8416289550779057,0.9461883520157822,0.9144144018824907
0.7811906933784485,0.823019802570343,0.822765588760376,0.823019802570343,0.8169358968734741,0.8227272629737854,0.7835497856140137,0.8925233483314514,0.8488888740539551,0.8181818127632141,0.8071748614311218,0.9333333373069763,0.14814814925193787,0.9882352948188782,0.47727271914482117,0.8372092843055725,0.30000001192092896,0.959276020526886,0.933920681476593,0.0,0.0,3411e6f0,971.6646709442139,Doc2Vec_Big,Adamax,False,16,True,True,True,relu,8,3,0.2,32,0.8026607503215873,0.8701594378315661,0.812641067438283,0.2557077643503993,0.6436781536764397,0.44171780182486176,0.9464285606102617,0.0
0.33231833577156067,0.916460394859314,0.9164294004440308,0.916460394859314,0.9156348705291748,0.9241706132888794,0.8441558480262756,0.9599999785423279,0.9599999785423279,0.8441558480262756,0.8744394779205322,0.9119170904159546,0.9312169551849365,0.8612716794013977,0.8465909361839294,0.9173553586006165,0.925000011920929,0.9735682606697083,0.9735682606697083,0.9594594836235046,0.9466666579246521,accf7a62,2758.4593892097473,Doc2Vec_Big,Adamax,True,64,False,True,False,relu,128,1,0.2,32,0.882352942003279,0.9599999785423279,0.8590308467468827,0.921465976221389,0.8538682101466789,0.9211618249318365,0.9735682606697083,0.9530201417187042
0.6601398587226868,0.8811880946159363,0.8797664642333984,0.8811880946159363,0.8751378059387207,0.8436018824577332,0.7705627679824829,0.9051724076271057,0.9333333373069763,0.8227847814559937,0.8744394779205322,0.8989899158477783,0.9417989253997803,0.8435373902320862,0.7045454382896423,0.8292682766914368,0.8500000238418579,0.9525862336158752,0.9735682606697083,0.9464285969734192,0.9422222375869751,2a0a46b6,2348.7057156562805,Doc2Vec_Big,Adamax,True,64,False,True,True,relu,32,2,0.4,32,0.8054298567925924,0.9190371978729801,0.8478260792732684,0.9198966418297756,0.7678018376862639,0.8395061762735182,0.9629629662113831,0.9443207331271064
2.1046619415283203,0.5990098714828491,0.5634664297103882,0.5990098714828491,0.5368110537528992,0.5390625,0.29870128631591797,0.6309012770652771,0.653333306312561,0.0,0.0,0.0,0.0,0.0,0.0,0.0,0.0,0.9559471607208252,0.9559471607208252,0.9111111164093018,0.9111111164093018,9f22f1a8,2056.4043600559235,Doc2Vec_Big,Adamax,False,8,True,True,True,relu,8,3,0.30000000000000004,32,0.3844011039502128,0.6419213789083944,0.0,0.0,0.0,0.0,0.9559471607208252,0.9111111164093018
0.35573095083236694,0.9139851331710815,0.9139924049377441,0.9139851331710815,0.9135844111442566,0.9320388436317444,0.8311688303947449,0.959276020526886,0.9422222375869751,0.8482142686843872,0.8520179390907288,0.9368420839309692,0.9417989253997803,0.8379888534545898,0.8522727489471436,0.9047619104385376,0.949999988079071,0.9732142686843872,0.9603524208068848,0.9422222375869751,0.9422222375869751,872d80a6,3110.6513447761536,Doc2Vec_Big,Adamax,True,64,False,True,False,relu,64,3,0.25,32,0.878718538894278,0.9506726547527021,0.850111849201494,0.9393139652900431,0.845070446735572,0.9268292655978863,0.9667405670303073,0.9422222375869751
0.9821957349777222,0.7995049357414246,0.7993689775466919,0.7995049357414246,0.7955574989318848,0.8349056839942932,0.7662337422370911,0.688524603843689,0.746666669845581,0.7700534462928772,0.6457399129867554,0.8608247637748718,0.8835979104042053,0.6346153616905212,0.5625,0.9263157844543457,0.7333333492279053,0.9601770043373108,0.9559471607208252,0.9075630307197571,0.9599999785423279,cd6c266e,1768.4876461029053,Doc2Vec_Big,Adamax,False,16,True,True,True,relu,16,3,0.30000000000000004,32,0.7990970632304151,0.716417919316337,0.7024390136387145,0.8720626872768877,0.5963855320456618,0.8186046591057784,0.9580574138397038,0.9330453491483867
0.3416304588317871,0.8997524976730347,0.8998298645019531,0.8997524976730347,0.8980526328086853,0.8703703880310059,0.8138527870178223,0.9247787594795227,0.9288889169692993,0.7848605513572693,0.8834080696105957,0.950276255607605,0.9100528955459595,0.9034482836723328,0.7443181872367859,0.9292035102844238,0.875,0.9735682606697083,0.9735682606697083,0.9684684872627258,0.9555555582046509,e4bf031e,971.166314125061,Doc2Vec_Big,Adamax,True,64,False,True,True,relu,32,0,0.2,32,0.8411633048764827,0.9268292814759697,0.8312236241496611,0.9297297281483996,0.8161993833921929,0.9012875397528708,0.9735682606697083,0.9619686907032878
0.3606400191783905,0.9040841460227966,0.903527021408081,0.9040841460227966,0.9005813002586365,0.875,0.8484848737716675,0.9380530714988708,0.9422222375869751,0.8412017226219177,0.878923773765564,0.9281768202781677,0.8888888955116272,0.8859060406684875,0.75,0.9210526347160339,0.875,0.9822221994400024,0.9735682606697083,0.9201680421829224,0.9733333587646484,1c6bacb4,1560.5802419185638,Doc2Vec_Big,Adamax,False,16,True,True,False,relu,64,2,0.25,32,0.8615384745738913,0.9401330323618556,0.8596491292033032,0.9081081233850092,0.812307692475855,0.8974358989250338,0.9778760841755376,0.9460043184310204
0.5892713069915771,0.7945544719696045,0.7769801020622253,0.7945544123649597,0.7669773101806641,0.8207547068595886,0.7532467246055603,0.9452054500579834,0.9200000166893005,0.5923566818237305,0.4170403480529785,0.8918918967247009,0.8730158805847168,0.0,0.0,0.8584070801734924,0.8083333373069763,0.9649122953414917,0.9691630005836487,0.892241358757019,0.9200000166893005,20d95f48,2987.531431913376,Doc2Vec_Big,Adamax,True,32,False,False,False,relu,64,3,0.25,32,0.7855530271927463,0.9324324267016346,0.48947367477284903,0.8823529474072687,0.0,0.8326180281071961,0.9670329768685612,0.9059080937771653
0.364445298910141,0.9102723002433777,0.9099398851394653,0.9102723002433777,0.90909343957901,0.9023255705833435,0.8398268222808838,0.9555555582046509,0.9555555582046509,0.8376068472862244,0.878923773765564,0.8894472122192383,0.9365079402923584,0.8940397500991821,0.7670454382896423,0.9262295365333557,0.9416666626930237,0.9650654792785645,0.9735682606697083,0.949999988079071,0.9288889169692993,82fd3862,2952.219714164734,Doc2Vec_Big,Adamax,True,64,False,True,False,relu,64,3,0.30000000000000004,32,0.8699551425118672,0.9555555582046509,0.8577680609013424,0.9123711232101893,0.8256880703732644,0.9338843099700157,0.9692982235197041,0.9393258512268429
0.3859140872955322,0.9096534848213196,0.9094833135604858,0.9096534848213196,0.9082601070404053,0.89449542760849,0.8441558480262756,0.9411764740943909,0.9244444370269775,0.8391304612159729,0.865470826625824,0.929729700088501,0.9100528955459595,0.8773006200790405,0.8125,0.9024389982223511,0.925000011920929,0.9865471124649048,0.9691630005836487,0.9353448152542114,0.9644444584846497,dfb5c79a,1988.0597393512726,Doc2Vec_Big,Adamax,False,64,True,True,False,relu,64,3,0.30000000000000004,32,0.8685968909697469,0.9327354239551859,0.8520971315644098,0.9197860743419337,0.843657820152627,0.9135802393187799,0.9777777937070822,0.9496717728792385
0.5734992623329163,0.8811880946159363,0.8804432153701782,0.8811880946159363,0.876372218132019,0.8703703880310059,0.8138527870178223,0.9098712205886841,0.9422222375869751,0.8205128312110901,0.8609865307807922,0.901098906993866,0.8677248954772949,0.807692289352417,0.7159090638160706,0.8548387289047241,0.8833333253860474,0.9778761267662048,0.9735682606697083,0.8965517282485962,0.9244444370269775,9b656aaa,1686.5937559604645,Doc2Vec_Big,Adamax,True,64,False,True,True,relu,64,3,0.30000000000000004,32,0.8411633048764827,0.9257641871091288,0.8402625799021537,0.8840970522825213,0.7590361212521233,0.8688524651034034,0.9757174388526821,0.9102844624177581
0.3793713450431824,0.8985148668289185,0.897590696811676,0.8985148668289185,0.8958321809768677,0.8815165758132935,0.8051947951316833,0.9102563858032227,0.9466666579246521,0.8732394576072693,0.834080696105957,0.9166666865348816,0.9312169551849365,0.8552631735801697,0.7386363744735718,0.8951612710952759,0.925000011920929,0.9605262875556946,0.9647576808929443,0.9419642686843872,0.9377777576446533,e00d4ddc,3108.1974546909332,Doc2Vec_Big,Adamax,True,16,False,True,False,relu,64,3,0.25,32,0.8416289483713006,0.9281045582513541,0.853211008004769,0.9238845363228828,0.7926829398068411,0.9098360614089738,0.9626373343415313,0.9398663511219526
0.3409833312034607,0.9158415794372559,0.91559898853302,0.9158415794372559,0.915337860584259,0.900943398475647,0.826839804649353,0.9385964870452881,0.9511111378669739,0.8211382031440735,0.9058296084403992,0.9417989253997803,0.9417989253997803,0.9066666960716248,0.7727272510528564,0.93388432264328,0.9416666626930237,0.969298243522644,0.9735682606697083,0.9683257937431335,0.9511111378669739,9fd229c6,1859.7863512039185,Doc2Vec_Big,Adamax,False,16,True,True,False,relu,64,3,0.25,32,0.8623024720328112,0.9448123731130484,0.8614072503725602,0.9417989253997803,0.8343558280369001,0.9377593467949862,0.9714285597906582,0.9596412701514602
0.30448049306869507,0.9090346693992615,0.9087117910385132,0.9090346693992615,0.9075307846069336,0.9268292784690857,0.822510838508606,0.9330357313156128,0.9288889169692993,0.8899521827697754,0.834080696105957,0.9202127456665039,0.9153439402580261,0.842424213886261,0.7897727489471436,0.9173553586006165,0.925000011920929,0.9772727489471436,0.9471365809440613,0.9434782862663269,0.9644444584846497,9a225d16,1810.1874642372131,Doc2Vec_Big,Adamax,False,16,True,True,False,relu,64,0,0.30000000000000004,32,0.8715596465083015,0.9309577063215259,0.8611111135997473,0.9177718857206316,0.8152492650465705,0.9211618249318365,0.9619686993930031,0.9538461736918158
0.6402657628059387,0.8508663177490234,0.8503756523132324,0.8508663177490234,0.8432820439338684,0.7467249035835266,0.7402597665786743,0.9069767594337463,0.8666666746139526,0.790123462677002,0.8609865307807922,0.897849440574646,0.8835979104042053,0.8129032254219055,0.7159090638160706,0.7850467562675476,0.699999988079071,0.9864253401756287,0.9603524208068848,0.8865545988082886,0.9377777576446533,cb4e22bc,1322.8057062625885,Doc2Vec_Big,Adamax,True,8,False,True,True,relu,64,2,0.4,32,0.7434782804652963,0.8863636478012011,0.8240343304980041,0.8906666695632928,0.7613292896473721,0.7400881111935323,0.9732142850294547,0.9114470625478243
0.4038258492946625,0.8917078971862793,0.8908134698867798,0.8917078971862793,0.8900102376937866,0.8703703880310059,0.8138527870178223,0.9126637578010559,0.9288889169692993,0.8266666531562805,0.834080696105957,0.9067357778549194,0.9259259104728699,0.8799999952316284,0.75,0.8870967626571655,0.9166666865348816,0.9527897238731384,0.9779735803604126,0.9493087530136108,0.9155555367469788,fc70ded2,1128.3018860816956,Doc2Vec_Big,Adamax,False,16,True,True,False,relu,64,3,0.25,32,0.8411633048764827,0.9207048608008688,0.8303571254453308,0.9162303724859412,0.8098159489011939,0.901639347914501,0.9652174096572826,0.9321266857606695
0.3685804307460785,0.8966584205627441,0.8965920209884644,0.8966584205627441,0.8952009677886963,0.9162561297416687,0.8051947951316833,0.9369369149208069,0.9244444370269775,0.8146551847457886,0.847533643245697,0.9153439402580261,0.9153439402580261,0.843137264251709,0.7329545617103577,0.9159663915634155,0.9083333611488342,0.9776785969734192,0.9647576808929443,0.9553571343421936,0.9511111378669739,ddf61f1e,1643.0608258247375,Doc2Vec_Big,Adamax,False,16,True,True,False,relu,32,3,0.25,32,0.8571428392357682,0.9306487549554603,0.8307692424462997,0.9153439402580261,0.7841945422235251,0.9121339077212491,0.9711751645318434,0.9532294078627529
0.3937498927116394,0.8948019742965698,0.8940634727478027,0.8948019742965698,0.8919352293014526,0.864628791809082,0.8571428656578064,0.9292035102844238,0.9333333373069763,0.8762376308441162,0.7937219738960266,0.8793969750404358,0.9259259104728699,0.8553459048271179,0.7727272510528564,0.9351851940155029,0.8416666388511658,0.9737991094589233,0.9823788404464722,0.9264069199562073,0.9511111378669739,b6cbf658,3420.30877661705,Doc2Vec_Big,Adamax,True,64,True,False,False,relu,8,0,0.35000000000000003,32,0.8608695550626299,0.9312638452362857,0.8329411801117101,0.9020618431365938,0.8119402833334399,0.8859649008330872,0.9780701597462841,0.9385965009454708
0.3443180024623871,0.9207921028137207,0.9207723736763,0.9207921028137207,0.9194244146347046,0.9460784196853638,0.8354978561401367,0.96875,0.9644444584846497,0.8225806355476379,0.9147982001304626,0.9175257682800293,0.9417989253997803,0.9012345671653748,0.8295454382896423,0.9316239356994629,0.9083333611488342,0.9867841601371765,0.9867841601371765,0.9424778819084167,0.9466666579246521,056d6928,3180.4124784469604,Doc2Vec_Big,Adamax,True,64,False,True,False,relu,128,1,0.30000000000000004,32,0.887356328340546,0.9665924346683338,0.866242030129775,0.9295039059396782,0.8639053162905369,0.9198312398772688,0.9867841601371765,0.9445676260568021
0.41786548495292664,0.8954207897186279,0.8952433466911316,0.8954207897186279,0.8930138945579529,0.9166666865348816,0.8095238208770752,0.8902953863143921,0.9377777576446533,0.8193832635879517,0.834080696105957,0.9333333373069763,0.8888888955116272,0.8363636136054993,0.7840909361839294,0.9059829115867615,0.8833333253860474,0.9737991094589233,0.9823788404464722,0.9555555582046509,0.9555555582046509,6138aef6,4423.655964612961,Doc2Vec_Big,Adamax,True,32,False,True,False,relu,64,3,0.45,32,0.8597701300848962,0.9134199184296921,0.8266666580353252,0.9105691110570114,0.809384168000672,0.8945147665890529,0.9780701597462841,0.9555555582046509
0.34140533208847046,0.9121286869049072,0.911766529083252,0.9121286869049072,0.9101265668869019,0.8888888955116272,0.8658008575439453,0.9191489219665527,0.9599999785423279,0.8577777743339539,0.865470826625824,0.9545454382896423,0.8888888955116272,0.8815789222717285,0.7613636255264282,0.9039999842643738,0.9416666626930237,0.982300877571106,0.9779735803604126,0.96875,0.9644444584846497,d628e118,2659.179946899414,Doc2Vec_Big,Adamax,True,64,False,True,False,relu,64,3,0.25,32,0.8771929814431227,0.9391304171012119,0.8616071285368703,0.9205479411976849,0.8170731537119396,0.9224489694930572,0.9801324527210161,0.9665924346683338
0.36839812994003296,0.9034653306007385,0.903486967086792,0.9034653306007385,0.9030466079711914,0.8458150029182434,0.8311688303947449,0.9429824352264404,0.9555555582046509,0.853210985660553,0.834080696105957,0.9411764740943909,0.9312169551849365,0.85628741979599,0.8125,0.924369752407074,0.9166666865348816,0.9777777791023254,0.9691630005836487,0.9506726264953613,0.9422222375869751,cbe20472,3128.6547532081604,Doc2Vec_Big,Adamax,True,64,False,False,False,relu,128,3,0.30000000000000004,32,0.8384279594598513,0.9492273637795781,0.8435373925389653,0.9361702266122661,0.8338192394442854,0.9205021043027561,0.9734513306066456,0.9464285696431403
0.4246043860912323,0.9034653306007385,0.903401255607605,0.9034653306007385,0.9019808769226074,0.9130434989929199,0.8181818127632141,0.9122806787490845,0.9244444370269775,0.8488888740539551,0.8565022349357605,0.9189189076423645,0.8994709253311157,0.819767415523529,0.8011363744735718,0.9237288236618042,0.9083333611488342,0.9955357313156128,0.9823788404464722,0.9473684430122375,0.9599999785423279,de8bdf66,4480.659374952316,Doc2Vec_Big,Adamax,True,64,False,True,False,relu,32,3,0.25,32,0.8630137048769362,0.9183222804904574,0.8526785603685219,0.9090909167807585,0.8103448202626077,0.915966405663801,0.9889135267167657,0.9536423846444694
0.5940513014793396,0.8310643434524536,0.8303817510604858,0.8310643434524536,0.8231638669967651,0.7952380776405334,0.7229437232017517,0.8947368264198303,0.9066666960716248,0.80402010679245,0.7174887657165527,0.8469387888908386,0.8783068656921387,0.7058823704719543,0.5454545617103577,0.8627451062202454,0.7333333492279053,0.9814814925193787,0.933920681476593,0.904347836971283,0.9244444370269775,5ec5ab56,9127.44982290268,Doc2Vec_Big,Adamax,True,8,True,False,False,relu,16,1,0.2,32,0.7573696066733119,0.9006622582170802,0.7582938285236881,0.8623376631933793,0.6153846323921208,0.7927928055351541,0.9571106024569955,0.914285716220472
0.43701666593551636,0.8886138796806335,0.8883040547370911,0.8886138796806335,0.8855321407318115,0.9175257682800293,0.7705627679824829,0.9547511339187622,0.9377777576446533,0.8272727131843567,0.8161435127258301,0.9193548560142517,0.9047619104385376,0.8364779949188232,0.7556818127632141,0.9885057210922241,0.7166666388511658,0.9652174115180969,0.9779735803604126,0.9177489280700684,0.9422222375869751,68d8670a,3185.3722229003906,Doc2Vec_Big,Adamax,True,64,False,True,False,relu,8,1,0.30000000000000004,32,0.8376470552503856,0.9461883318836778,0.821670429530501,0.9120000113983154,0.794029851132922,0.8309178465030144,0.9715536267034942,0.9298245741823208
0.3421683609485626,0.906559407711029,0.9062748551368713,0.906559407711029,0.9050875306129456,0.93034827709198,0.8095238208770752,0.9553571343421936,0.9511111378669739,0.8122448921203613,0.8923766613006592,0.9170984625816345,0.9365079402923584,0.8867924809455872,0.8011363744735718,0.9016393423080444,0.9166666865348816,0.9519650936126709,0.9603524208068848,0.9422222375869751,0.9422222375869751,90beaae8,3002.574875354767,Doc2Vec_Big,Adamax,True,32,False,True,False,relu,128,0,0.5,32,0.8657407551934874,0.9532294078627529,0.8504273380026405,0.9267015812051018,0.841791063425774,0.9090909178681519,0.9561403640148893,0.9422222375869751
0.41693511605262756,0.9127475023269653,0.9125443696975708,0.9127475023269653,0.9116470813751221,0.8738738894462585,0.8398268222808838,0.9358974099159241,0.9733333587646484,0.8333333134651184,0.8744394779205322,0.9214659929275513,0.9312169551849365,0.9333333373069763,0.7954545617103577,0.9380530714988708,0.8833333253860474,0.9733333587646484,0.9647576808929443,0.9429824352264404,0.9555555582046509,85681690,3990.848588705063,Doc2Vec_Big,Adamax,True,64,False,False,False,relu,128,3,0.25,32,0.8565121396351975,0.9542483647297725,0.8533916821206339,0.9263158136309019,0.8588957166800971,0.9098712282609059,0.9690265469711096,0.9492273637795781
0.41593170166015625,0.9077970385551453,0.9077984094619751,0.9077970385551453,0.9052262306213379,0.9245283007621765,0.8484848737716675,0.9513274431228638,0.9555555582046509,0.8125,0.8744394779205322,0.949999988079071,0.9047619104385376,0.8545454740524292,0.8011363744735718,0.9292035102844238,0.875,0.9694322943687439,0.9779735803604126,0.9344978332519531,0.9511111378669739,275e8800,3957.9664702415466,Doc2Vec_Big,Adamax,True,64,True,True,False,relu,128,3,0.5,32,0.8848758597372235,0.9534368131823722,0.8423326208314648,0.9268292655978863,0.8269794870489717,0.9012875397528708,0.9736842064037298,0.942731299152722
0.41060566902160645,0.8849009871482849,0.8844802379608154,0.8849009871482849,0.8795034289360046,0.9082125425338745,0.8138527870178223,0.9447004795074463,0.9111111164093018,0.8093220591545105,0.8565022349357605,0.9418604373931885,0.8571428656578064,0.8705036044120789,0.6875,0.8695651888847351,0.8333333134651184,0.9821428656578064,0.9691630005836487,0.9041666388511658,0.9644444584846497,b23f1954,1620.6224477291107,Doc2Vec_Big,Adamax,False,16,True,True,False,relu,32,1,0.35000000000000003,32,0.8584474656814078,0.9276018217045826,0.8322440186612937,0.8975069172888878,0.7682539710928854,0.8510638057726873,0.9756097628263473,0.9333333250883338
0.4535541236400604,0.8626237511634827,0.8613486289978027,0.8626238107681274,0.8603489995002747,0.8770053386688232,0.709956705570221,0.9154929518699646,0.8666666746139526,0.7658730149269104,0.865470826625824,0.913294792175293,0.8359788656234741,0.9016393423080444,0.625,0.9380530714988708,0.8833333253860474,0.9821428656578064,0.9691630005836487,0.9012875556945801,0.9333333373069763,52735b7c,967.723780632019,Doc2Vec_Big,Adamax,False,8,True,True,True,relu,8,0,0.45,32,0.7846889889636528,0.8904109603190068,0.8126315672216652,0.8729281904390959,0.7382550329019624,0.9098712282609059,0.9756097628263473,0.9170305706629234
0.568029522895813,0.8694307208061218,0.8695883750915527,0.8694307208061218,0.8666496276855469,0.8405796885490417,0.7532467246055603,0.9457013607025146,0.9288889169692993,0.807692289352417,0.847533643245697,0.8972973227500916,0.8783068656921387,0.7790697813034058,0.7613636255264282,0.8999999761581421,0.824999988079071,0.9690265655517578,0.9647576808929443,0.8999999761581421,0.8799999952316284,cae867de,6114.9174082279205,Doc2Vec_Big,Adamax,True,16,True,False,False,relu,64,2,0.25,32,0.794520522365205,0.93721974682421,0.827133474814303,0.88770054077198,0.7701149437572101,0.8608695478204968,0.9668874113791701,0.8898876263568262
0.45537126064300537,0.8978960514068604,0.897497296333313,0.8978960514068604,0.896281361579895,0.8755760192871094,0.822510838508606,0.9217391014099121,0.9422222375869751,0.8732394576072693,0.834080696105957,0.9234972596168518,0.8941798806190491,0.8100558519363403,0.8238636255264282,0.9083333611488342,0.9083333611488342,0.9646017551422119,0.9603524208068848,0.9156118035316467,0.9644444584846497,c444781a,1389.0049006938934,Doc2Vec_Big,Adamax,True,64,False,True,True,relu,32,2,0.30000000000000004,32,0.8482142859720622,0.9318681245494497,0.853211008004769,0.9086021395956441,0.8169013960118853,0.9083333611488342,0.9624723977739922,0.9393939403623849
1.3895940780639648,0.6404703259468079,0.6005082130432129,0.6404703259468079,0.5528351068496704,0.5492424368858337,0.6277056336402893,0.6756756901741028,0.7777777910232544,0.514970064163208,0.3856502175331116,0.0,0.0,0.0,0.0,0.0,0.0,0.8938775658607483,0.9647576808929443,0.9375,0.9333333373069763,ab6511e0,2749.5102853775024,Doc2Vec_Big,Adamax,True,8,False,True,True,relu,16,2,0.45,32,0.5858585956361558,0.7231405098961926,0.44102563822684826,0.0,0.0,0.0,0.927966096573577,0.9354120287217392
1.2533090114593506,0.6893564462661743,0.6492296457290649,0.6893564462661743,0.6195750832557678,0.0,0.0,0.9166666865348816,0.9288889169692993,0.6267942786216736,0.5874439477920532,0.8274111747741699,0.8624338507652283,0.8652482032775879,0.6931818127632141,0.0,0.0,0.0,0.0,0.8368200659751892,0.8888888955116272,d236f46c,1761.81880235672,Doc2Vec_Big,Adamax,False,16,True,True,True,relu,8,3,0.2,32,0.0,0.9227373307642458,0.6064814918148184,0.844559583680038,0.7697160756205165,0.0,0.0,0.862068959236074
0.3915773928165436,0.8923267126083374,0.8918156623840332,0.8923267126083374,0.8917347192764282,0.8867924809455872,0.8138527870178223,0.8838174343109131,0.9466666579246521,0.8443396091461182,0.8026905655860901,0.8941798806190491,0.8941798806190491,0.8815789222717285,0.7613636255264282,0.925000011920929,0.925000011920929,0.9816513657569885,0.9427312612533569,0.9419642686843872,0.9377777576446533,f41050fc,3210.190016269684,Doc2Vec_Big,Adamax,True,8,True,True,False,relu,64,3,0.25,32,0.8487584632958781,0.9141630897571115,0.8229884902047172,0.8941798806190491,0.8170731537119396,0.925000011920929,0.9617977393496715,0.9398663511219526
0.3235844075679779,0.9071782231330872,0.9067473411560059,0.9071782827377319,0.9067785143852234,0.8925233483314514,0.826839804649353,0.914893627166748,0.9555555582046509,0.8571428656578064,0.834080696105957,0.921875,0.9365079402923584,0.8999999761581421,0.8181818127632141,0.9173553586006165,0.925000011920929,0.9729729890823364,0.9515418410301208,0.9342105388641357,0.9466666579246521,26c1e6fa,1068.959618806839,Doc2Vec_Big,Adamax,True,64,False,True,True,relu,32,0,0.25,32,0.8584269468610658,0.9347826152589236,0.8454545386117103,0.9291338601302462,0.8571428433567487,0.9211618249318365,0.9621380878108239,0.9403973530376224
0.4980623722076416,0.8490098714828491,0.8474700450897217,0.8490098714828491,0.8457641005516052,0.8390243649482727,0.7445887327194214,0.8712446093559265,0.902222216129303,0.7616822719573975,0.7309417128562927,0.8829787373542786,0.8783068656921387,0.8796992301940918,0.6647727489471436,0.886956512928009,0.8500000238418579,0.9422222375869751,0.933920681476593,0.9452054500579834,0.9200000166893005,12ec7b08,1160.0857999324799,Doc2Vec_Big,Adamax,True,8,True,True,True,relu,64,1,0.30000000000000004,32,0.7889908078401671,0.8864628657812574,0.7459954418276427,0.8806366053717185,0.7572815608192203,0.8680851145964931,0.9380530931714302,0.9324324267016346
0.8006704449653625,0.8211633563041687,0.8197889924049377,0.8211633563041687,0.8140424489974976,0.7488986849784851,0.7359307408332825,0.8680850863456726,0.9066666960716248,0.7910447716712952,0.713004469871521,0.807106614112854,0.841269850730896,0.707602322101593,0.6875,0.8736842274665833,0.6916666626930237,0.9424778819084167,0.9383260011672974,0.8606557250022888,0.9333333373069763,9d592536,1282.2923798561096,Doc2Vec_Big,Adamax,True,32,False,False,True,relu,64,0,0.4,32,0.7423580843220109,0.8869565253503374,0.749999990015718,0.8238342093084926,0.6974063317621221,0.7720930273949357,0.9403973588926797,0.8955223830124607
0.7672808766365051,0.7698019742965698,0.7636556625366211,0.7698019742965698,0.7520122528076172,0.774193525314331,0.7272727489471436,0.8941798806190491,0.7511110901832581,0.6829268336296082,0.6278026700019836,0.8012048006057739,0.7037037014961243,0.53125,0.09659090638160706,0.7547169923782349,0.6666666865348816,0.9733333587646484,0.9647576808929443,0.9047619104385376,0.8444444537162781,ab4bb29a,4910.467896461487,Doc2Vec_Big,Adamax,True,16,False,True,False,relu,8,2,0.2,32,0.7500000006984913,0.8164251027575963,0.6542055983034861,0.7492957652312756,0.16346153458194618,0.7079646179209077,0.9690265469711096,0.8735632259978976
0.3924509882926941,0.9084158539772034,0.9084004163742065,0.9084159135818481,0.9055525660514832,0.9186602830886841,0.8311688303947449,0.9728506803512573,0.9555555582046509,0.8277310729026794,0.8834080696105957,0.8963730335235596,0.9153439402580261,0.862500011920929,0.7840909361839294,0.8759689927101135,0.9416666626930237,0.9910314083099365,0.9735682606697083,0.9377777576446533,0.9377777576446533,d258d106,3592.815642595291,Doc2Vec_Big,Adamax,True,64,False,True,False,relu,64,3,0.25,32,0.8727272704988718,0.9641255626811942,0.8546637629896779,0.9057591625185162,0.82142859170226,0.9076305204905901,0.9822222203248809,0.9377777576446533
0.3753030300140381,0.8904703259468079,0.890465497970581,0.8904703259468079,0.8884212970733643,0.8732394576072693,0.8051947951316833,0.9532710313796997,0.9066666960716248,0.8149779438972473,0.8295964002609253,0.903743326663971,0.8941798806190491,0.8827160596847534,0.8125,0.8760330677032471,0.8833333253860474,0.9777777791023254,0.9691630005836487,0.9417040348052979,0.9333333373069763,d078da44,784.9441256523132,Doc2Vec_Big,Adamax,True,32,False,True,True,relu,128,1,0.4,32,0.8378378420502184,0.9293849828684027,0.8222222010830301,0.8989361688788117,0.8461538508869905,0.8796680508187641,0.9734513306066456,0.9375000014747921
0.4418771266937256,0.8966584205627441,0.8973115682601929,0.8966584205627441,0.8968416452407837,0.8414096832275391,0.826839804649353,0.9666666388511658,0.902222216129303,0.8642534017562866,0.8565022349357605,0.9408602118492126,0.9259259104728699,0.7857142686843872,0.8125,0.9098360538482666,0.925000011920929,0.990867555141449,0.9559471607208252,0.9419642686843872,0.9377777576446533,6d465436,4483.700304508209,Doc2Vec_Big,Adamax,True,64,False,False,False,relu,128,3,0.4,32,0.8340611199531471,0.9333333171080181,0.8603603607286261,0.9333333239059448,0.7988826727614874,0.9173553718031204,0.9730941709759132,0.9398663511219526
0.7998549342155457,0.8620049357414246,0.8611852526664734,0.8620048761367798,0.8596372604370117,0.8578431606292725,0.7575757503509521,0.9178082346916199,0.8933333158493042,0.7727272510528564,0.8385650515556335,0.8341463208198547,0.9047619104385376,0.8684210777282715,0.75,0.8717948794364929,0.8500000238418579,0.9282511472702026,0.9118942618370056,0.8962655663490295,0.9599999785423279,f9480700,2287.1709549427032,Doc2Vec_Big,Adamax,True,64,False,True,True,relu,16,3,0.2,32,0.804597707356057,0.9054054039740664,0.8043010769288427,0.8680202960038829,0.8048780595596738,0.8607595096202141,0.9200000071190018,0.9270386199121674
0.511134147644043,0.8626237511634827,0.8616927862167358,0.8626238107681274,0.8571799397468567,0.7877358198165894,0.7229437232017517,0.9714285731315613,0.9066666960716248,0.8047618865966797,0.7578475475311279,0.932584285736084,0.8783068656921387,0.7837837934494019,0.4943181872367859,0.8644067645072937,0.8500000238418579,0.9821428656578064,0.9691630005836487,0.9126637578010559,0.9288889169692993,d7609b62,1454.1091735363007,Doc2Vec_Big,Adamax,False,32,False,True,False,relu,128,0,0.2,32,0.7539503253479553,0.9379310510104673,0.7806004607213117,0.9046321534594652,0.6062717839705899,0.8571428618149247,0.9756097628263473,0.9207048608008688
0.3929823935031891,0.885519802570343,0.8848389387130737,0.885519802570343,0.8808144927024841,0.850220263004303,0.8354978561401367,0.9506726264953613,0.9422222375869751,0.8761904835700989,0.8251121044158936,0.8999999761581421,0.9047619104385376,0.8540145754814148,0.6647727489471436,0.8918918967247009,0.824999988079071,0.9775784611701965,0.9603524208068848,0.9354838728904724,0.902222216129303,e79b95ce,2433.2513365745544,Doc2Vec_Big,Adamax,True,64,False,True,False,relu,8,1,0.2,32,0.8427947696825246,0.9464285696431403,0.8498845283290148,0.9023746610241353,0.7476038387366893,0.8571428529406743,0.96888888086213,0.9185520339682379
0.4667922556400299,0.8669554591178894,0.866935133934021,0.8669554591178894,0.8649283647537231,0.8500000238418579,0.7359307408332825,0.9327354431152344,0.9244444370269775,0.8036529421806335,0.7892376780509949,0.9057591557502747,0.9153439402580261,0.7954545617103577,0.7954545617103577,0.875,0.8166666626930237,0.9553571343421936,0.9427312612533569,0.9174311757087708,0.8888888955116272,ab7f3476,2984.6311211586,Doc2Vec_Big,Adamax,False,16,False,True,False,relu,64,0,0.35000000000000003,32,0.7888631221330537,0.9285714333064434,0.7963800828374035,0.9105263248044696,0.7954545617103577,0.8448275840806905,0.9490022048453856,0.9029345324527487
1.6806131601333618,0.3725247383117676,0.3272918462753296,0.3725247383117676,0.30053016543388367,0.0,0.0,0.0,0.0,0.0,0.0,0.0,0.0,0.0,0.0,0.0,0.0,0.9724770784378052,0.933920681476593,0.0,0.0,79c1fd08,1195.1315984725952,Doc2Vec_Big,Adamax,True,8,False,False,False,relu,8,3,0.35000000000000003,32,0.0,0.0,0.0,0.0,0.0,0.0,0.9528089834261894,0.0
0.2995135486125946,0.9195544719696045,0.9191488027572632,0.9195544123649597,0.9178838133811951,0.9275362491607666,0.8311688303947449,0.9545454382896423,0.9333333373069763,0.875,0.878923773765564,0.9132652878761292,0.9470899701118469,0.8809523582458496,0.8409090638160706,0.9186992049217224,0.9416666626930237,0.9955357313156128,0.9823788404464722,0.9327731132507324,0.9866666793823242,73b236d0,1383.9488093852997,Doc2Vec_Big,Adamax,True,64,True,True,True,relu,64,1,0.2,32,0.8767123360541238,0.9438202188045384,0.8769574978663397,0.9298701315083775,0.8604650912638159,0.9300411595129562,0.9889135267167657,0.9589632910607845
0.3884495794773102,0.905940592288971,0.9060901999473572,0.905940592288971,0.9042497873306274,0.9186602830886841,0.8311688303947449,0.9469026327133179,0.9511111378669739,0.8304347991943359,0.8565022349357605,0.9304812550544739,0.920634925365448,0.8522727489471436,0.8522727489471436,0.9292035102844238,0.875,0.9862385392189026,0.9471365809440613,0.9181034564971924,0.9466666579246521,8738a182,1251.808780670166,Doc2Vec_Big,Adamax,True,64,False,True,True,relu,128,2,0.45,32,0.8727272704988718,0.9490022194874255,0.8432671132211627,0.925531903250609,0.8522727489471436,0.9012875397528708,0.966292147125925,0.9321663019687946
0.37609294056892395,0.9053217768669128,0.9048160910606384,0.9053217768669128,0.901573896408081,0.9275362491607666,0.8311688303947449,0.9224137663841248,0.9511111378669739,0.8634361028671265,0.878923773765564,0.914893627166748,0.9100528955459595,0.8553459048271179,0.7727272510528564,0.8916666507720947,0.8916666507720947,0.9820627570152283,0.9647576808929443,0.9224137663841248,0.9511111378669739,45a4aeec,3005.3627648353577,Doc2Vec_Big,Adamax,True,64,False,True,False,relu,16,1,0.35000000000000003,32,0.8767123360541238,0.9365426687834235,0.871111104101016,0.9124668412551802,0.8119402833334399,0.8916666507720947,0.9733333074799291,0.9365426687834235
0.4537968337535858,0.8991336822509766,0.8991674184799194,0.8991336822509766,0.896815299987793,0.8584070801734924,0.8398268222808838,0.9419642686843872,0.9377777576446533,0.826839804649353,0.8565022349357605,0.920634925365448,0.920634925365448,0.8719512224197388,0.8125,0.8879310488700867,0.8583333492279053,0.9954545497894287,0.9647576808929443,0.9210526347160339,0.9333333373069763,bfdb4d46,3798.478414773941,Doc2Vec_Big,Adamax,True,64,False,False,False,relu,64,2,0.2,32,0.8490153085786528,0.9398663511219526,0.8414096766579455,0.920634925365448,0.8411764719411988,0.8728813711030495,0.9798657592855262,0.9271523214307753
1.0964550971984863,0.5915841460227966,0.5489391088485718,0.5915841460227966,0.5042885541915894,0.0,0.0,0.8583691120147705,0.8888888955116272,0.0,0.0,0.0,0.0,0.0,0.0,0.0,0.0,0.9056603908538818,0.8458150029182434,0.6396104097366333,0.8755555748939514,40de0d20,1867.997507572174,Doc2Vec_Big,Adamax,True,64,False,False,False,relu,8,3,0.2,32,0.0,0.873362455497092,0.0,0.0,0.0,0.0,0.8747152815926756,0.7392120278381934
0.5520880818367004,0.8422029614448547,0.8416948914527893,0.8422029614448547,0.8421146273612976,0.8729282021522522,0.6839826703071594,0.8558558821678162,0.8444444537162781,0.7479674816131592,0.8251121044158936,0.9455782175064087,0.7354497313499451,0.8965517282485962,0.5909090638160706,0.9300000071525574,0.7749999761581421,0.933920681476593,0.933920681476593,0.9354838728904724,0.902222216129303,565dc3d6,823.3496530056,Doc2Vec_Big,Adamax,False,8,True,True,True,relu,32,0,0.35000000000000003,32,0.7669902924518125,0.8501118745016012,0.7846481872495571,0.8273809445090592,0.7123287487352151,0.8454545342232567,0.933920681476593,0.9185520339682379
0.3158833384513855,0.9016088843345642,0.9013847708702087,0.9016088843345642,0.8998253345489502,0.9090909361839294,0.822510838508606,0.9292035102844238,0.9333333373069763,0.8461538553237915,0.8385650515556335,0.9202127456665039,0.9153439402580261,0.8666666746139526,0.8125,0.9545454382896423,0.875,0.9646017551422119,0.9603524208068848,0.9424778819084167,0.9466666579246521,640c00a8,1851.507936000824,Doc2Vec_Big,Adamax,False,16,True,True,False,relu,64,0,0.2,32,0.8636363846808671,0.9312638452362857,0.8423423615846866,0.9177718857206316,0.8387096811407686,0.9130434708243732,0.9624723977739922,0.9445676260568021
0.5534246563911438,0.8793317079544067,0.8778170347213745,0.8793317079544067,0.8731950521469116,0.8472222089767456,0.7922077775001526,0.9409090876579285,0.9200000166893005,0.8348214030265808,0.8385650515556335,0.8585858345031738,0.8994709253311157,0.8561151027679443,0.6761363744735718,0.8181818127632141,0.8999999761581421,0.9737991094589233,0.9823788404464722,0.8971193432807922,0.9688888788223267,02152122,1059.8659048080444,Doc2Vec_Big,Adamax,False,32,True,True,True,relu,64,3,0.35000000000000003,32,0.8187919322673621,0.9303370855956528,0.8366890397036343,0.8785529713040103,0.75555556031792,0.8571428433567487,0.9780701597462841,0.9316239278961921
0.5341867804527283,0.8477723002433777,0.8475305438041687,0.8477723002433777,0.8431514501571655,0.8186274766921997,0.7229437232017517,0.9417040348052979,0.9333333373069763,0.7435897588729858,0.7802690863609314,0.9340659379959106,0.8994709253311157,0.6854838728904724,0.4829545319080353,0.8706896305084229,0.8416666388511658,0.9866666793823242,0.9779735803604126,0.9170507192611694,0.8844444155693054,652df182,4334.293672800064,Doc2Vec_Big,Adamax,True,64,False,False,False,relu,128,3,0.5,32,0.7678161034090764,0.9375000014747921,0.7614879863680646,0.9164420638316972,0.5666666579988267,0.8559321770891312,0.9823008973502414,0.900452487228816
0.3344011902809143,0.9047029614448547,0.9044312834739685,0.9047029614448547,0.9026601910591125,0.9107981324195862,0.8398268222808838,0.9543378949165344,0.9288889169692993,0.8178137540817261,0.9058296084403992,0.9162303805351257,0.9259259104728699,0.8896551728248596,0.7329545617103577,0.9230769276618958,0.8999999761581421,0.9819819927215576,0.9603524208068848,0.933920681476593,0.9422222375869751,b1043068,1550.2766153812408,Doc2Vec_Big,Adamax,True,32,False,True,False,relu,128,2,0.2,32,0.8738738691408411,0.9414414536123555,0.859574467368987,0.9210526310291315,0.8037383276983474,0.9113923950734723,0.9710467747783712,0.9380530931714302
2.716611623764038,0.6206682920455933,0.6112572550773621,0.6206682920455933,0.5972027778625488,0.446540892124176,0.3073593080043793,0.5704225301742554,0.7200000286102295,0.5381818413734436,0.6636771559715271,0.7088607549667358,0.5925925970077515,0.7922077775001526,0.34659090638160706,0.4861111044883728,0.2916666567325592,0.8691983222961426,0.907489001750946,0.7142857313156128,0.7333333492279053,1b6041a8,2700.044940471649,Doc2Vec_Big,Adamax,False,8,False,True,True,relu,16,1,0.45,32,0.36410256841831656,0.6365422477304593,0.5943775345814967,0.6455331419529019,0.48221343338827555,0.3645833237096667,0.8879310468961479,0.7236842270063396
0.37912994623184204,0.9003713130950928,0.9002985954284668,0.9003713130950928,0.8996576070785522,0.8727272748947144,0.8311688303947449,0.9677419066429138,0.9333333373069763,0.8151260614395142,0.8699551820755005,0.9375,0.8730158805847168,0.8553459048271179,0.7727272510528564,0.95652174949646,0.9166666865348816,0.9612069129943848,0.9823788404464722,0.9353448152542114,0.9644444584846497,4a10204c,2521.08846616745,Doc2Vec_Big,Adamax,True,64,False,False,False,relu,128,1,0.25,32,0.8514412423104917,0.9502262325000903,0.8416486076539486,0.9041095930998937,0.8119402833334399,0.9361702280920952,0.9716775613783493,0.9496717728792385
0.34195640683174133,0.9127475023269653,0.9126105308532715,0.9127475023269653,0.911639928817749,0.9150943160057068,0.8398268222808838,0.9559471607208252,0.9644444584846497,0.8215767741203308,0.8878923654556274,0.9354838728904724,0.920634925365448,0.90625,0.8238636255264282,0.939130425453186,0.8999999761581421,0.9736841917037964,0.9779735803604126,0.9301310181617737,0.9466666579246521,5a2b0c36,2906.7822892665863,Doc2Vec_Big,Adamax,True,64,False,True,False,relu,64,1,0.2,32,0.8758464807697438,0.9601770102941576,0.8534482764141073,0.9280000033493042,0.8630952321482894,0.919148919268289,0.9758241723842225,0.9383259939146604
0.33402857184410095,0.9096534848213196,0.9097349643707275,0.9096534848213196,0.9086288809776306,0.9036697149276733,0.8528138399124146,0.9599999785423279,0.9599999785423279,0.8040816187858582,0.8834080696105957,0.9604519605636597,0.8994709253311157,0.892405092716217,0.8011363744735718,0.924369752407074,0.9166666865348816,0.9652174115180969,0.9779735803604126,0.9422222375869751,0.9422222375869751,7f743f8c,2559.4649064540863,Doc2Vec_Big,Adamax,True,64,False,True,False,relu,128,3,0.25,32,0.8775055564584412,0.9599999785423279,0.8418803333085547,0.928961754550026,0.8443113964333787,0.9205021043027561,0.9715536267034942,0.9422222375869751
0.35068634152412415,0.8978960514068604,0.8975135684013367,0.8978960514068604,0.8960078358650208,0.900943398475647,0.826839804649353,0.931034505367279,0.9599999785423279,0.837104082107544,0.8295964002609253,0.8941798806190491,0.8941798806190491,0.8475610017776489,0.7897727489471436,0.9145299196243286,0.8916666507720947,0.9819819927215576,0.9603524208068848,0.9270386099815369,0.9599999785423279,ea827e92,1730.2173781394958,Doc2Vec_Big,Adamax,True,64,False,True,False,relu,64,3,0.2,32,0.8623024720328112,0.9452954060646086,0.8333333319413003,0.8941798806190491,0.8176470826158887,0.9029535808312626,0.9710467747783712,0.943231422083799
0.34434595704078674,0.9115098714828491,0.9110807776451111,0.9115098714828491,0.9105839133262634,0.9065420627593994,0.8398268222808838,0.9125000238418579,0.9733333587646484,0.8597285151481628,0.8520179390907288,0.9157894849777222,0.920634925365448,0.8674699068069458,0.8181818127632141,0.9200000166893005,0.9583333134651184,0.9775784611701965,0.9603524208068848,0.959276020526886,0.9422222375869751,60dc6f64,2718.615692615509,Doc2Vec_Big,Adamax,True,64,False,True,False,relu,64,1,0.2,32,0.8719101059953004,0.9419355084819179,0.8558558609426413,0.9182058127787323,0.8421052731460194,0.9387755093600338,0.96888888086213,0.9506726547527021
0.6161661148071289,0.8935643434524536,0.893356204032898,0.8935644030570984,0.8899640440940857,0.9130434989929199,0.8181818127632141,0.9021276831626892,0.9422222375869751,0.8333333134651184,0.8295964002609253,0.8254716992378235,0.9259259104728699,0.849397599697113,0.8011363744735718,0.875,0.875,0.9866666793823242,0.9779735803604126,0.954954981803894,0.9422222375869751,b7eb7c7c,1616.6055512428284,Doc2Vec_Big,Adamax,True,64,False,True,True,relu,128,3,0.25,32,0.8630137048769362,0.921739150099245,0.8314606580925686,0.8728179488752696,0.8245614136477378,0.875,0.9823008973502414,0.9485458823282608
0.3245126008987427,0.9133663177490234,0.9134909510612488,0.9133663177490234,0.912596583366394,0.9375,0.8441558480262756,0.9770641922950745,0.9466666579246521,0.8132780194282532,0.878923773765564,0.9114583134651184,0.9259259104728699,0.875,0.7954545617103577,0.9416666626930237,0.9416666626930237,0.9910314083099365,0.9735682606697083,0.9515418410301208,0.9599999785423279,c35938a8,2224.295065641403,Doc2Vec_Big,Adamax,True,64,False,True,False,relu,64,2,0.25,32,0.8883826900704136,0.9616252641497957,0.8448275954221175,0.918635152907179,0.8333333422537563,0.9416666626930237,0.9822222203248809,0.9557521971194538
0.36680787801742554,0.9034653306007385,0.9031294584274292,0.9034653306007385,0.902553915977478,0.8744186162948608,0.8138527870178223,0.9375,0.9333333373069763,0.843478262424469,0.8699551820755005,0.9462365508079529,0.9312169551849365,0.8633540272712708,0.7897727489471436,0.9090909361839294,0.9166666865348816,0.960698664188385,0.9691630005836487,0.9377777576446533,0.9377777576446533,c3ccd146,3883.1527576446533,Doc2Vec_Big,Adamax,True,32,False,False,False,relu,64,0,0.25,32,0.843049318368436,0.9354120287217392,0.856512154259189,0.9386666747436521,0.8249258232842643,0.9128630940504194,0.9649122701771498,0.9377777576446533
0.4741394817829132,0.875,0.8740254044532776,0.875,0.8705954551696777,0.8416289687156677,0.8051947951316833,0.9295154213905334,0.9377777576446533,0.8423423171043396,0.8385650515556335,0.8769230842590332,0.9047619104385376,0.8199999928474426,0.6988636255264282,0.9074074029922485,0.8166666626930237,0.9429824352264404,0.9471365809440613,0.9282511472702026,0.9200000166893005,caf3136c,3065.9647312164307,Doc2Vec_Big,Adamax,True,64,False,False,False,relu,16,1,0.25,32,0.823008848814156,0.9336283100633699,0.8404494402724937,0.8906250065338099,0.7546012176478998,0.8596491186242354,0.9450549430482094,0.9241071642567736
0.32258492708206177,0.9115098714828491,0.9114518165588379,0.9115098714828491,0.9088784456253052,0.921658992767334,0.8658008575439453,0.9473684430122375,0.9599999785423279,0.8727272748947144,0.8609865307807922,0.8762376308441162,0.9365079402923584,0.8819875717163086,0.8068181872367859,0.8828125,0.9416666626930237,0.9909502267837524,0.9647576808929443,0.971563994884491,0.9111111164093018,896d3acc,2075.772085428238,Doc2Vec_Big,Adamax,True,64,False,True,False,relu,64,1,0.2,32,0.8928571415599434,0.9536423846444694,0.866817148562308,0.9053708495384861,0.8427299705783288,0.9112903207199382,0.9776785571296811,0.9403669817826079
